Name,Description,Color(s),Size (LxWxH),Item Code
Compact Racquet Backpack,ZIPPER_YKK Shoe Pocket,"Black, Ice Gray, Smoke Blue",32 x 20 x 73cm,BAG2469
Compact Backpack,ZIPPER_YKK Shoe Pocket,"Black, Ice Gray, Smoke Blue",27 x 21 x 48cm,BAG2468
Compact Cooler Bag,ZIPPER_YKK,"Ice Gray, Smoke Blue",45 x 14 x 36cm,BAG2467
Compact Boston Bag,ZIPPER_YKK Shoe Pocket,"Black, Ice Gray",52 x 22 x 30cm,BAG2466
Compact Shoulder Bag S,ZIPPER_YKK,"Black, Ice Gray, Smoke Blue",30 x 8 x 15cm,BAG2465
Compact Shoulder Bag,ZIPPER_YKK,"Black, Ice Gray, Smoke Blue",44 x 13 x 24cm,BAG2464
Compact Phone Pouch,,"Black, Ice Gray, Smoke Blue",11 x 3 x 18cm,BAG2463
Compact Racquet Bag,ZIPPER_YKK Shoe Pocket,"Black, Smoke Blue",73 x 18 x 33cm,BAG2462
Compact Tote Bag Wide,ZIPPER_YKK,Black,86 x 17 x 33cm,BAG2461W
Compact Tote Bag,ZIPPER_YKK,"Black, Ice Gray, Smoke Blue",43 x 18 x 41cm,BAG2461
LIMITED PRO TOURNAMENT BAG,ZIPPER_YKK SUSTAINABILITYMade with more than 70% recycled polyester.,White / Navy / Red,75 x 20 x 33cm,BA31PA
LIMITED PRO RACQUET BAG 9 PCS,ZIPPER_YKK Available As A Backpack Adjustable Buckle Chest Belt Shoe Pocket SUSTAINABILITYMade with more than 70% recycled polyester.,White / Navy / Red,78 x 36 x 36cm,BA29PA
LIMITED PRO RACQUET BAG 6 PCS,ZIPPER_YKK Available As A Backpack Adjustable Buckle Shoe Pocket SUSTAINABILITYMade with more than 70% recycled polyester.,White / Navy / Red,78 x 28 x 36cm,BA26PA
LIMITED PRO BACKPACK,ZIPPER_YKK Chest Belt Water Bottle Pocket Shoe Pocket SUSTAINABILITYMade with more than 70% recycled polyester.,White / Navy / Red,32 x 27 x 48cm (30L),BA12PA
PRO RACQUET BAG 9 PCS,ZIPPER_YKK Available As A Backpack Thermo Guard Adjustable Buckle Shoe Pocket,"Sand Beige, Cobalt Blue, Black, Scarlet, Grape, Olive Green",78 x 36 x 36cm,BA92429
PRO RACQUET BAG 6,ZIPPER_YKK Available As A Backpack Adjustable Buckle Shoe Pocket,"Sand Beige, Cobalt Blue, Black, Scarlet, Grape, Black / Silver",78 x 28 x 36cm,BA92426
OSAKA PRO RACQUET BAG (9PCS),The OSAKA PRO Series was designed in collaboration with Naomi Osaka (JPN) and her sister Mari Osaka. Available As A Backpack Adjustable Buckle Shoe Pocket Thermo Guard,Gold / Purple,78 x 38 x 34 cm,BAGN929
OSAKA PRO RACQUET BAG (6PCS),The OSAKA PRO Series was designed in collaboration with Naomi Osaka (JPN) and her sister Mari Osaka. Available As A Backpack Adjustable Buckle Shoe Pocket,Gold / Purple,78 x 30 x 34 cm,BAGN926
PRO TOURNAMENT BAG,ZIPPER_YKK,"Sand Beige, Cobalt Blue, Black, Scarlet, Grape, Black / Silver",75 x 20 x 33cm,BA92431W
PRO DUFFEL BAG,ZIPPER_YKK Available As A Backpack Shoe Pocket,"Black, Cobalt Blue",74 x 28 x 30cm,BA92436
PRO TROLLEY BAG,ZIPPER_YKK,Cobalt Blue,80 x 36 x 34cm,BA92432
PRO STAND BAG,ZIPPER_YKK Available As A Backpack Chest Belt Shoe Pocket,"Black, Cobalt Blue",32 x 30 x 78cm,BA92419
PRO BACKPACK L,ZIPPER_YKK Chest Belt Water Bottle Pocket Shoe Pocket,"Black, Cobalt Blue",30 x 20 x 52cm (34L),BA92412L
PRO BACKPACK M,ZIPPER_YKK Water Bottle Pocket Shoe Pocket,"Black, Cobalt Blue",30 x 18 x 47cm (26L),BA92412M
PRO BACKPACK B,ZIPPER_YKK Chest Belt Water Bottle Pocket Shoe Pocket,"Sand Beige, Black / Silver",32 x 27 x 48cm (30L),BA92412B
EXPERT TOURNAMENT BAG,ZIPPER_YKK Thermo Guard Shoe Pocket,"White / Red, Black / Yellow, White / Pale Blue, Smoke Mint",73 x 20 x 32cm,BA02331W
EXPERT RACQUET BAG 6 PCS,ZIPPER_YKK Available As A Backpack Thermo Guard Chest Belt Shoe Pocket,"White / Red, Black / Yellow, White / Pale Blue, Smoke Mint",75 x 24 x 32cm,BA02326
EXPERT BACKPAC,ZIPPER_YKK Chest Belt Shoe Pocket,"White / Red, Black / Yellow, White / Pale Blue, Smoke Mint",31 x 22 x 54cm (30L),BA02312
ACTIVE TOURNAMENT BAG,ZIPPER_YKK Water Bottle Pocket Shoe Pocket,"Black, Lilac, Black / Beige",75 x 16 x 32cm,BA82431W
ACTIVE DUFFEL BAG,ZIPPER_YKK Available As A Backpack Shoe Pocket,"Black, Black / Beige",71 x 25 x 31cm,BA82436
ACTIVE RACQUET BAG 6PCS,ZIPPER_YKK Available As A Backpack Shoe Pocket,"Black, Lilac, Black / Beige",75 x 26 x 32cm,BA82426
ACTIVE RACQUET BACKPACK,ZIPPER_YKK Shoe Pocket,"Black, Lilac, Black / Beige",31 x 15 x 72cm,BA82422
ACTIVE BACKPACK,ZIPPER_YKK Water Bottle Pocket Shoe Pocket,"Black, Lilac, Black / Beige",31 x 19 x 47cm (24L),BA82412
TEAM RACQUET BAG 9 PCS,ZIPPER_YKK Available As A Backpack Shoe Pocket,"Scarlet, Sky Blue, Black",75 x 30 x 31cm,BA42329
TEAM RACQUET BAG 6 PCS,ZIPPER_YKK Available As A Backpack Shoe Pocket,"Smoke Pink, Black / Green, Scarlet, Sky Blue, Black",75 x 22 x 31cm,BA42326
TEAM TOURNAMENT BAG,ZIPPER_YKK Shoe Pocket,"Smoke Pink, Black / Green, Sky Blue, Black",75 x 13 x 30cm,BA42331W
TEAM BACKPACK S,ZIPPER_YKK Reflector Water Bottle Pocket Shoe Pocket,"Smoke Pink, Black / Green, Scarlet, Sky Blue, Black",29 x 15 x 50cm (26L),BA42312S
RACQUET CASE 2 PCS,ZIPPER_YKK Shoe Pocket,"Smoke Pink, Black / Green, Sky Blue, Black",31 x 13.5 x 76cm,BA42322T
JUNIOR BACKPACK,,"Navy Blue, Pink",29 x 19 x 42cm (15L),BA22412
GYM BAG L,ZIPPER_YKK,Black,75 x 18 x 32cm,BA12411
GYM BAG M,ZIPPER_YKK,Black,52 x 18 x 26cm,BA12412
