Name,Color(s),Material,Item Code
MEN'S CREW NECK SHIRT,Cyan,,10559
MEN'S CREW NECK SHIRT,"Olive, Bright Orange",,10560
MEN'S CREW NECK SHIRT,"Black, Mist Blue",,10563
MEN'S SHORTS,Blue Green,,15161
MEN'S SHORTS,Olive,,15163
MEN'S SHORTS,"Black, Mist Blue",,15166
WOMEN'S CREW NECK SHIRT,"Bright Orange, Olive",,20758
WOMEN'S SKIRT (WITH INNER SHORTS),Blue Green,,26120
WOMEN'S SKIRT (WITH INNER SHORTS),Olive,,26122
WOMEN'S SKIRT (WITH INNER SHORTS),"Black, Mist Blue",,26125
MEN'S CREW NECK SHIRT,"White, Night Sky",,10566
MEN'S CREW NECK SHIRT,"Oatmeal, Night Sky",,10567
MEN'S CREW NECK SHIRT,"Night Sky, Pearl Red",,10575
MEN'S CREW NECK SHIRT,"Black, White",,10576
MEN'S CREW NECK SHIRT,"Night Sky, Pearl Red, Light Olive",,10568
MEN'S KNIT SHORTS,"White, Black, Pearl Red, Navy Blue, Night Sky, Bright Orange",,15170
MEN'S CREW NECK SHIRT,"White, Navy Blue, Sand",,10577
MEN'S CREW NECK SHIRT,"Crystal Blue, Pearl Red, Indigo Marine",,10578
MEN'S SLEEVELESS TOP,"Black, White, Bright Orange",,10570
MEN'S KNIT SHORTS,"Black, White, Night Sky",,15171
MEN'S SLEEVELESS TOP,"White, Lime Yellow, Geranium Pink",,10579
MEN'S KNIT SHORTS,"Black, White, Indigo Marine",,15175
WOMEN'S DRESS,"Indigo Marine, Black, Blue Green",,20768
WOMEN'S DRESS,"Black, Powder Blue, Light Olive",,20777
WOMEN'S CREW NECK SHIRT,"Light Olive, Night Sky, Pearl Red",,20769
WOMEN'S CREW NECK SHIRT,"Black, Mist Blue",,20770
WOMEN'S SHORTS(WITH INNER SHORTS),"White, Black, Pearl Red, Navy Blue, Night Sky, Bright Orange",,25083
WOMEN'S CREW NECK SHIRT,"White, Navy Blue, Sand",,20778
WOMEN'S CREW NECK SHIRT,"Crystal Blue, Pearl Red, Indigo Marine",,20779
WOMEN'S CREW NECK SHIRT,"Black, White, Bright Orange",,20771
WOMEN'S SKIRT,"Black, White, Night Sky",,26127
WOMEN'S CREW NECK SHIRT,"White, Lime Yellow, Geranium Pink",,20780
WOMEN'S SKIRT,"Black, White, Indigo Marine",,26129
MEN'S CREW NECK SHIRT,"Black, White, Crystal Red",,10572
MEN'S SLEEVELESS TOP,"Black, White, Crystal Red",,10573
MEN'S KNIT SHORTS,"Crystal Red, Pastel Blue",,15173
WOMEN'S CREW NECK SHIRT,"Black, White, Crystal Red",,20774
WOMEN'S DRESS(WITH INNER SHORTS),"Black, White, Crystal Red",,20775
WOMEN'S SHORTS(WITH INNER SHORTS),"Crystal Red, Pastel Blue",,25084
WOMEN'S SKIRT (WITH INNER SHORTS),"Crystal Red, Pastel Blue",,26128
UNISEX WARM-UP JACKET,"Black, Crystal Red",,50146
UNISEX WARM-UP PANTS,"Black, Navy Blue",,60146
MEN'S CREW NECK SHIRT,"White, Flash Orange, Mist Purple",,10581
MEN'S SLEEVELESS TOP,"White, Flash Orange, Mist Purple",,10582
MEN'S KNIT SHORTS,"Flash Orange, Mist Purple, Sea Blue",,15176
WOMEN'S CREW NECK SHIRT,"White, Flash Orange, Mist Purple",,20783
WOMEN'S DRESS(WITH INNER SHORTS),"White, Flash Orange, Mist purple",,20784
WOMEN'S SHORTS(WITH INNER SHORTS),"Flash Orange, Mist Purple, Sea Blue",,25086
WOMEN'S SKIRT (WITH INNER SHORTS),"Flash Orange, Mist Purple, Sea Blue",,26130
UNISEX WARM-UP JACKET,"Flash Orange, Mist Purple",,51056
UNISEX WARM-UP PANTS,Black,,61056
MEN'S CREW NECK SHIRT,"White, Navy Blue",,10593
WOMEN'S CREW NECK SHIRT,"White, Navy Blue",,20794
UNISEX SWEAT HOODIE,"Crystal Blue, Sand",,30082
UNISEX SWEAT FULL ZIP HOODIE,"White, Crystal Blue, Olive, Indigo Marine",,50144
UNISEX SWEAT PANTS,"White, Crystal Blue, Olive, Indigo Marine",,60144
UNISEX T-SHIRT,"White, Olive, Crystal Blue",,16678
UNISEX T-SHIRT,"Black, Indigo Marine",,16679
UNISEX T-SHIRT,"Black, Gray, White",,16680
UNISEX T-SHIRT,"Olive, Indigo Marine, Mist Blue, Geranium Pink",,16681
UNISEX SHORTS,"Olive, Gray",,15167
WOMEN'S SWEAT FULL ZIP HOODIE,"White, Crystal Blue, Indigo Marine, Olive",,57080
WOMEN'S SWEAT PANTS,"White, Crystal Blue, Indigo Marine, Olive",,67080
WOMEN'S LONGSLEEVES T-SHIRT,"White, Grape, Indigo Marine",,16686
WOMEN'S TANK,"Black, Olive, Soft Yellow, Grape",,16687
WOMEN'S T-SHIRT,"Black, Gray, White",,16688
WOMEN'S T-SHIRT,"Indigo Marine, Olive, Geranium Pink, Mist Blue",,16689
WOMEN'S LEGGINGS,"Black, Olive",,42016
WOMEN'S SHORTS,"Black, Olive, Grape",,25079
WOMEN'S SPORTS BRA,"Black, White, Olive, Grape",,46045
MEN'S T-SHIRT,"White, Night Sky",,16692
MEN'S T-SHIRT,"Night Sky, Oatmeal",,16693
MEN'S WARM-UP JACKET,"Oatmeal, Smoke Mint, Night Sky, Slate Black",,50145
MEN'S WARM-UP PANTS,"Night Sky, Slate Black",,60145
MEN'S POLO SHIRT,"Black, Gray, White, Sax, Sunset Red",,10455
MEN'S WARM-UP JACKET,"Black, Navy Blue",,50147
MEN'S WARM-UP PANTS,"Black, Navy Blue",,60147
WOMEN'S T-SHIRT,"Indigo Marine, Black, Blue Green",,16694
WOMEN'S WARM-UP JACKET,"Oatmeal, Smoke Mint, Night Sky, Slate Black",,57082
WOMEN'S WARM-UP PANTS,"Night Sky, Slate Black",,67082
UNISEX POLO SHIRT,"Olive Green, Midnight Navy",,10585N
UNISEX LONGSLEEVES POLO SHIRT,"Olive Green, Midnight Navy",,10586N
UNISEX SHORTS,"Olive Green, Midnight Navy",,15178N
UNISEX SWEAT SHORTS,"Black, Earth Brown, Midnight Navy",,15179N
UNISEX T-SHIRT,"Off White, Earth Brown, Midnight Navy",,16702N
UNISEX T-SHIRT,"Olive Green, Earth Brown, Midnight Navy",,16703N
UNISEX T-SHIRT,"Olive Green, Earth Brown, Midnight Navy",,16704N
UNISEX THREE QUARTER PANTS,"Earth Brown, Midnight Navy",,60149N
WOMEN'S POLO SHIRT,"Olive Green, Midnight Navy",,20821N
WOMEN'S SHORTS,"Olive Green, Midnight Navy",,25087N
WOMEN'S SWEAT SKIRT,"Off White, Earth Brown, Midnight Navy",,26134N
WOMEN'S THREE QUARTER PANTS,Midnight Navy,,67084N
JUNIOR SHORTS,"Olive Green, Midnight Navy",,15178NJ
JUNIOR SWEAT SHORTS,"Black, Earth Brown, Midnight Navy",,15179NJ
JUNIOR T-SHIRT,"Off White, Earth Brown, Midnight Navy",,16702NJ
JUNIOR T-SHIRT,"Olive Green, Earth Brown, Midnight Navy",,16703NJ
JUNIOR T-SHIRT,"Olive Green, Earth Brown, Midnight Navy",,16704NJ
JUNIOR THREE QUARTER PANTS,"Earth Brown, Midnight Navy",,60149NJ
MEN'S SPORT CREW SOCKS,"Off White, Midnight Navy",,19215N
WOMEN'S SPORT CREW SOCKS,"Off White, Midnight Navy",,29215N
JUNIOR T-SHIRT,"White, Night Sky",,16692J
JUNIOR T-SHIRT,"Night Sky, Oatmeal",,16693J
JUNIOR T-SHIRT,"Night Sky, Pearl Red",,16695J
JUNIOR T-SHIRT,"White, Bright Orange",,16696J
JUNIOR T-SHIRT,"Navy Blue, White",,16700J
JUNIOR T-SHIRT,"White, Lime Yellow",,16701J
MEN'S CREW NECK SHIRT,"White, Navy Blue, Pearl Red, Blue Green",,YM0033
UNISEX SWEAT HOODIE,"Gray, Black, Dark Blue, Reddish Rose",,YM0031
MEN'S CREW NECK SHIRT,"Black, Gray, Soft Yellow, Blue Green",,YM0034
MEN'S  SLEEVELESS TOP,"Black, Blue Green",,YM0035
MEN'S SHORTS,"White, Soft Yellow",,YM0036
MEN'S LONGSLEEVES SHIRT,"Soft Yellow, Pearl Red, Indigo Marine",,YM0037
UNISEX SWEATER,"Oatmeal, Indigo Marine",,YM0038
UNISEX SWEATER VEST,"Oatmeal, Indigo Marine",,YM0039
MEN'S WARM-UP JACKET,"White, Indigo Marine, Slate Black",,YM0040
MEN'S WARM-UP JACKET,"Black, Olive, Blue Green",,YM0041
MEN'S WARM-UP PANTS,"Black, Slate Black",,YM0042
UNISEX T-SHIRT,"White, Indigo Marine, Blue Green",,YM0043
UNISEX T-SHIRT,"Bright Orange, Indigo Marine, Blue Green",,YM0044
UNISEX T-SHIRT,"White, Pearl Red, Indigo Marine, Lime Yellow, Blue Green",,YM0045
UNISEX T-SHIRT,"White, Pearl Red, Indigo Marine, Lime Yellow, Blue Green",,YM0046
WOMEN'S CREW NECK SHIRT,"White, Navy Blue, Pearl Red, Blue Green",,YW0033
WOMEN'S CREW NECK SHIRT,"Black, Gray, Soft Yellow, Blue Green",,YW0034
JUNIOR CREW NECK SHIRT,"White, Navy Blue, Pearl Red, Blue Green",,YJ0033
WOMEN'S SLEEVELESS TOP,"Black, Blue Green",,YW0035
JUNIOR CREW NECK SHIRT,"Black, Gray, Soft Yellow, Blue Green",,YJ0034
WOMEN'S SKIRT (WITH INNER SHORTS),"Black, White",,YW0036
JUNIOR SHORTS,"Black, White",,YJ0036
WOMEN'S LONGSLEEVES SHIRT,"Pearl Red, Soft Yellow, Indigo Marine",,YW0037
JUNIOR SWEATER,"Oatmeal, Indigo Marine",,YJ0038
WOMEN'S WARM-UP JACKET,"White, Indigo Marine, Slate Black",,YW0040
JUNIOR SWEATER VEST,"Oatmeal, Indigo Marine",,YJ0039
WOMEN'S WARM-UP JACKET,"Black, Olive, Blue Green",,YW0041
JUNIOR WARM-UP JACKET,"White, Indigo Marine, Slate Black",,YJ0040
WOMEN'S WARM-UP PANTS,"Black, Slate Black",,YW0042
JUNIOR WARM-UP JACKET,"Black, Olive, Blue Green",,YJ0041
WOMEN'S SHORTS(WITH INNER SHORTS),"Black, White",,YW0047
JUNIOR WARM-UP PANTS,"Black, Slate Black",,YJ0042
WOMEN'S LEGGINGS,"Black, Pearl Red, Blue Green",,YW0048
JUNIOR T-SHIRT,"White, Indigo Marine, Blue Green",,YJ0043
WOMEN'S SPORTS BRA,"Black, Pearl Red, Blue Green",,YW0049
JUNIOR T-SHIRT,"White, Pearl Red, Indigo Marine, Lime Yellow, Blue Green",,YJ0045
JUNIOR T-SHIRT,"Bright Orange, Indigo Marine, Blue Green",,YJ0044
JUNIOR T-SHIRT,"White, Pearl Red, Indigo Marine, Lime Yellow, Blue Green",,YJ0046
MEN'S CREW NECK SHIRT,"Antique Green, White, Mint, Reddish Rose",,YM0029
MEN'S SHORTS,"Antique Green, Black, White",,YM0030
WOMEN'S CREW NECK SHIRT,"Antique Green, White, Mint, Reddish Rose",,YW0029
WOMEN'S SKIRT (WITH INNER SHORTS),"Antique Green, Black, White",,YW0030
WOMEN'S UNDER SHORTS,BLACK,,42014
SWEAT PANTS,"BLACK, GRAY",,YM0032
WOMENS SHORT LEGGINGS,"BLACK, SAPPHIRE NAVY",,42012
WOMENS LEGGINGS,"BLACK, ROSE PINK",,42010
UNISEX LONGSLEEVES T-SHIRT,"SAPPHIRE NAVY, BLACK, WHITE",,16623
SPORT LOW-CUT SOCKS,"Black, White",,19201
SPORT LOW-CUT SOCKS,"Night Sky, Pearl Red, Slate Black",,19216
SPORT QUARTER SOCKS(3PAIRS),Aassorted,,19217
SPORT LOW-CUT SOCKS(3PAIRS),Aassorted,,19218
SPORT QUARTER SOCKS(3PAIRS),Aassorted,,19217J
WOMEN'S VISOR,"Black, White, Pink",,W-441
CAP,"Red, Black, White, Navy Blue",,W-341
SPORT LOW-CUT SOCKS(3PAIRS),Aassorted,,19218J
WRISTBAND,"Black, White, Navy Blue, Aqua Blue, Bright Orange, Soft Yellow, Midnight Navy, Sunset Red, Geranium Pink",,AC492
SPORT CREW SOCKS,"Geranium Pink, Black, White",,19120
WRISTBAND,"Red, Blue, Black, White, Pink, Light Yellow",,AC493
SPORT LOW CUT SOCKS,"Geranium Pink, Black, White",,19121
HEADBAND,"Black, White, Navy Blue",,AC259
SPORTS CREW SOCKS,"Bright Orange, Soft Yellow",,19194
